ПС;Дата отключения;Температура;Ветер;Снег ;Дождь ;Гроза;Отключение
Чинчурино;январь;-8;4;0;0;0;0
Макулово;январь;-9;4;0;0;0;0
Чинчурино;январь;-8;3;1;0;0;1
Макулово;январь;-8;5;1;0;0;1
Красновидово;январь;-8;5;1;0;0;1
М.Цильна;январь;-19;2;0;0;0;0
Апастово;январь;-18;6;0;0;0;0
Куралово;январь;-20;5;0;0;0;0
Чечкабы;январь;-16;3;0;0;0;0
Куралово;январь;-18;13;1;0;0;1
Подберезье;январь;-1;16;1;0;0;1
Раково;январь;-1;17;1;0;0;1
Апастово;январь;-1;17;1;0;0;1
Чечкабы;январь;-1;17;1;0;0;1
Тарханы;январь;-1;17;1;0;0;1
Чечкабы;январь;-5;17;0;0;0;1
М.Цильна;январь;-1;17;0;0;0;1
Ямбухтино;январь;-10;5;0;0;0;0
Подберезье;январь;-9;6;1;0;0;0
Федоровская;январь;-13;4;1;0;0;0
Печищи;январь;-20;4;0;0;0;0
Бишбатман;январь;-16;4;1;0;0;0
Нурлаты;январь;-16;4;0;0;0;0
Ямбухтино;февраль;-2;2;1;0;0;1
Апастово;февраль;-12;2;0;0;0;0
М.Цильна;февраль;-6;4;1;0;0;0
Чечкабы;февраль;-5;4;1;0;0;0
Тарханы;февраль;0;4;0;0;0;0
Раково;февраль;-4;3;0;0;0;0
Подберезье;февраль;-1;17;1;0;0;1
Апастово;февраль;-1;16;1;0;0;1
Федоровская;февраль;-1;22;1;0;0;1
Нурлаты;февраль;-1;22;1;0;0;1
Печищи;февраль;-1;22;1;0;0;1
Печищи;февраль;-1;22;1;0;0;1
Бишбатман;февраль;-1;22;1;0;0;1
Кайбицы;февраль;-1;16;1;0;0;1
Красновидово;февраль;-1;17;1;0;0;1
Дрожаное;февраль;-1;20;1;0;0;1
Камское устье;февраль;-1;22;1;0;0;1
М.Цильна;февраль;-1;22;1;0;0;1
Куралово;февраль;-1;22;1;0;0;1
Киять;февраль;-2;22;0;0;0;1
Куралово;февраль;-2;22;0;0;0;1
Камское устье;февраль;-4;4;0;0;0;0
М.Цильна;февраль;-3;6;1;0;0;0
Бишбатман;февраль;-1;4;1;0;0;1
Тарханы;февраль;-11;6;0;0;0;0
Дружба;февраль;-18;3;0;0;0;0
Дружба;февраль;-7;4;0;0;0;0
Апастово;февраль;-5;3;1;0;0;0
Дрожжаное;февраль;-4;3;0;0;0;0
Апастово;март;2;8;0;1;0;0
Восход;март;-7;5;0;0;0;0
Тетюши;март;-6;5;0;0;0;0
Майданы;март;-4;8;0;0;0;0
Дрожжаное;март;-2;14;1;0;0;1
Тарханы;март;-1;14;1;0;0;1
Тарханы;март;-1;14;1;0;0;1
Караталга;март;-1;2;0;0;0;0
Печищи;март;0;4;0;0;0;0
Ключищи;март;-1;4;1;0;0;0
Печищи;март;-2;4;1;0;0;0
Дружба;март;-1;3;1;0;0;1
Тарханы;март;-1;3;1;0;0;1
Дружба;март;-1;3;1;0;0;1
Каратун;март;-1;3;1;0;0;1
Дружба;март;-1;3;1;0;0;1
Дружба;март;-1;3;1;0;0;1
Тарханы;март;0;21;1;0;0;1
Кайбицы;март;1;21;1;0;0;1
Дружба;март;1;21;1;0;0;1
Дружба;март;1;21;1;0;0;1
Апастово;март;1;21;1;0;0;1
Восход;март;1;21;1;0;0;1
Тетюши;март;1;21;1;0;0;1
Майданы;март;1;18;1;0;0;1
Камское устьеК-Устье;март;1;18;1;0;0;1
Караталга;март;1;18;1;0;0;1
Караталга;март;1;18;1;0;0;1
Печищи;март;1;18;1;0;0;1
Ключищи;март;1;18;1;0;0;1
Печищи;март;1;18;1;0;0;1
Бишбатман;март;3;5;0;0;0;0
Майданы;март;2;6;0;0;0;0
Федоровская;март;0;4;1;0;0;0
Тарханы;март;0;4;0;0;0;0
Дрожжаное;апрель;2;8;0;0;0;0
Камское устье;апрель;2;8;0;0;0;0
Караталга;апрель;1;2;0;0;0;0
Бишбатман;апрель;6;2;0;0;0;0
Кайбицы;апрель;14;3;0;0;0;0
Кайбицы;апрель;3;6;0;0;0;0
Дрожжаное;апрель;5;12;0;0;0;1
Савино;апрель;2;3;0;0;0;0
Подберезье;апрель;5;2;0;0;0;0
Куралово;апрель;2;13;0;0;0;0
Камское устье;апрель;4;2;0;0;0;0
Федоровская;апрель;8;0;0;0;0;0
Майданы;апрель;8;2;0;0;0;0
Нурлаты;май;2;1;0;0;0;0
Бишбатман;май;10;20;0;0;0;1
Майданы;май;10;20;0;0;0;1
Федоровская;май;10;17;0;1;0;1
Камское устье;май;10;13;0;0;0;1
Караталга;май;10;20;0;1;0;1
Савино;май;18;20;0;0;0;1
Майданы;май;10;4;0;0;0;0
Восход;май;20;3;0;0;0;0
Подберезье;май;16;4;0;0;0;0
Кайбицы;май;23;5;0;0;0;0
Подберезье;май;22;11;0;1;1;1
Кайбицы;май;20;6;0;1;1;1
Кайбицы;май;20;6;0;1;1;1
Нурлаты;май;20;12;0;1;1;1
Нурлаты;май;20;12;0;1;1;1
Нурлаты;май;20;12;0;1;1;1
Куралово;май;20;12;0;1;1;1
Камское устье;май;20;12;0;1;1;1
Макулово;май;20;12;0;1;1;1
Майданы;май;20;12;0;1;1;1
Майданы;май;20;12;0;1;1;1
Федоровская;май;20;12;0;1;1;1
Кайбицы;май;11;10;0;0;0;0
Свияжск;май;9;5;0;0;0;0
Камское устье;май;7;8;0;0;0;0
Макулово;май;11;6;0;0;0;0
Буинск;май;11;6;0;0;0;0
Савино;май;18;12;0;1;0;1
Майданы;май;13;2;0;1;0;1
Майданы;май;13;2;0;1;0;1
Восход;май;20;13;0;1;1;1
Кайбицы;май;20;13;0;1;1;1
Кайбицы;май;20;13;0;1;1;1
Свияжск;май;20;13;0;1;1;1
Свияжск;май;20;13;0;1;1;1
Свияжск;май;20;13;0;1;1;1
Свияжск;май;20;13;0;1;1;1
Федоровская;май;20;16;0;1;1;1
Федоровская;май;20;16;0;1;1;1
Кайбицы;май;20;16;0;1;1;1
Апастово;май;20;16;0;1;1;1
Майданы;май;20;16;0;1;1;1
Буинск;май;10;12;0;0;0;1
Дрожжаное;май;8;3;0;0;0;0
Федоровская;май;8;5;0;0;0;0
Буинск;май;18;4;0;1;0;1
Тат.Бурнашево;май;30;3;0;0;0;1
Буинск;май;27;3;0;0;1;1
Федоровская;июнь;20;11;0;1;1;1
Кайбицы;июнь;20;12;0;0;1;1
Кайбицы;июнь;20;11;0;0;1;1
Кайбицы;июнь;20;11;0;0;1;1
Тарханы;июнь;20;11;0;1;1;1
Дрожжаное;июнь;20;13;0;1;1;1
Федоровская;июнь;20;18;0;1;1;1
Федоровская;июнь;8;3;0;0;0;0
Буинск;июнь;13;7;0;0;0;0
Федоровская;июнь;14;7;0;0;0;0
Кайбицы;июнь;24;3;0;0;0;0
Кайбицы;июнь;25;2;0;0;0;0
Федоровская;июнь;20;3;0;0;1;1
Дрожжаное;июнь;24;2;0;0;0;0
Б.Акса;июнь;23;4;0;1;0;0
Кайбицы;июнь;24;5;0;0;0;0
Тарханы;июнь;27;2;0;0;0;0
Дрожжаное;июнь;28;10;0;1;1;1
Дрожжаное;июнь;28;10;0;1;1;1
Дрожжаное;июнь;28;10;0;1;1;1
Б.Акса;июнь;28;10;0;1;1;1
Дрожжаное;июнь;28;10;0;1;1;1
Свияжск;июнь;20;4;0;0;0;0
Куралово;июнь;21;4;0;0;0;0
Дрожжаное;июнь;14;4;0;0;0;0
Западная;июнь;15;10;0;1;0;1
Свияжск;июнь;15;10;0;1;0;1
Куралово;июнь;15;10;0;1;0;1
Киять;июнь;17;13;0;0;0;1
Федоровская;июль;16;5;0;0;0;0
Буинск;июль;17;4;0;0;0;0
Каратун;июль;22;13;0;0;0;1
М.Цильна;июль;20;18;0;0;0;1
Тарханы;июль;22;12;0;1;1;1
К.Устье;июль;20;5;0;0;0;0
Куралово;июль;18;3;0;0;0;0
Дрожжаное;июль;14;4;0;1;0;0
Б.Акса;июль;20;2;0;0;0;0
Караталга;июль;17;3;0;1;0;0
Савино;июль;25;4;0;1;1;1
Куралово;июль;20;5;0;0;0;0
Киять;июль;12;1;0;0;0;0
Куралово;июль;20;3;0;0;0;0
Печищи;июль;20;3;0;1;1;1
Красновидово;июль;17;5;0;0;0;0
Нурлаты;июль;12;7;0;0;0;0
Караталга;июль;13;11;0;1;0;1
Караталга;август;10;14;0;1;0;1
Караталга;август;10;14;0;1;0;1
Караталга;август;10;14;0;1;0;1
Куралово;август;14;6;0;0;0;0
Камское устье;август;13;2;0;1;0;0
Федоровская;август;14;2;0;1;0;0
Буинск;август;12;13;0;1;0;1
Савино;август;12;17;0;1;0;1
Тарханы;август;12;19;0;1;1;1
Тарханы;август;12;19;0;1;1;1
Тарханы;август;12;19;0;1;1;1
Чинчурино;август;12;19;0;1;1;1
Чинчурино;август;12;18;0;1;1;1
Чинчурино;август;12;18;0;1;1;1
Тарханы;август;12;18;0;1;1;1
Тетюши;август;12;18;0;1;0;1
Раково;август;11;18;0;1;0;1
Раково;август;11;18;0;1;0;1
Дружба;август;12;18;0;1;1;1
Дружба;август;12;18;0;1;1;1
Нурлаты;август;15;18;0;1;0;1
Дружба;август;17;3;0;1;0;0
Чечкабы;август;18;3;0;1;0;1
Раково;август;14;4;0;0;0;0
Дружба;август;16;4;0;0;0;0
Чинчурино;август;19;1;0;0;0;0
Тарханы;август;20;1;0;0;0;0
Свияжск;август;25;13;0;0;1;1
Майданы;август;18;13;0;1;0;1
Апастово;август;21;3;0;1;0;0
Майданы;август;20;2;0;0;0;0
Камское устье;август;18;2;0;0;0;0
М.Цильна;август;24;2;0;0;0;0
Матюшино;август;18;11;0;1;0;1
Кайбицы;август;10;14;0;1;0;1
Тат. Бурнашево;август;10;16;0;1;0;1
Куралово;сентябрь;15;1;0;0;0;0
Красновидово;сентябрь;12;5;0;0;0;0
Апастово;сентябрь;18;5;0;0;0;0
Буинск;сентябрь;12;2;0;0;0;0
Чечкабы;сентябрь;23;3;0;0;0;1
Апастово;сентябрь;18;1;0;0;0;0
Савино;сентябрь;18;4;0;0;0;0
Ключи;сентябрь;22;2;0;0;0;0
Дрожжаное;сентябрь;13;3;0;1;0;0
Красновидово;сентябрь;10;14;0;1;0;1
Майданы;сентябрь;10;3;0;0;0;0
Каратун;сентябрь;8;3;0;1;0;0
Дрожжаное;сентябрь;3;1;0;1;0;0
Киять;сентябрь;6;2;0;0;0;0
Чинчурино;сентябрь;10;11;0;1;0;1
Апастово;сентябрь;10;14;0;1;0;1
Буинск;октябрь;12;16;0;1;0;1
Тарханы;октябрь;12;3;0;1;0;0
Чинчурино;октябрь;17;5;0;0;0;0
Каратун;октябрь;15;4;0;0;0;0
Нурлаты;октябрь;13;5;0;1;0;0
М.Цильна;октябрь;10;11;0;1;0;1
Буинск;октябрь;9;11;0;1;0;1
Дрожжаное;октябрь;6;4;0;0;0;0
Буинск;октябрь;5;5;0;1;0;1
Буинск;октябрь;7;4;0;0;0;0
Рудник;октябрь;8;5;0;1;0;0
Подберезье;октябрь;10;4;0;0;0;0
Камское устье;октябрь;10;12;0;1;0;1
Куралово;октябрь;10;12;0;1;0;1
Чинчурино;октябрь;10;12;0;1;0;1
Макулово;октябрь;2;4;0;0;0;0
Киять;октябрь;8;5;0;0;0;0
Нурлаты;октябрь;7;4;0;0;0;0
Красновидово;октябрь;9;5;0;1;0;0
Нурлаты;октябрь;10;21;0;0;0;1
Свияжск;октябрь;10;21;0;0;0;1
Кайбицы;октябрь;10;21;0;0;0;1
Куралово;октябрь;10;18;0;0;0;1
Нурлаты;октябрь;10;18;0;0;0;1
Кайбицы;октябрь;10;18;0;0;0;1
Апастово;октябрь;10;18;0;0;0;1
Кайбицы;октябрь;10;19;0;0;0;1
Матюшино;октябрь;10;21;0;0;0;1
Бишбатман;октябрь;10;21;0;0;0;1
Камское Устье;ноябрь;-6;7;1;0;0;0
Майданы;ноябрь;-2;5;0;0;0;0
Дружба;ноябрь;-1;4;0;0;0;0
Апастово;ноябрь;2;5;0;0;0;0
Куралово;ноябрь;3;13;0;1;0;1
Куралово;ноябрь;3;14;0;1;0;1
Куралово;ноябрь;10;13;0;0;0;1
Нурлаты;ноябрь;1;4;0;0;0;0
Западная;ноябрь;-2;1;0;0;0;0
Раково;ноябрь;-1;3;0;0;0;0
Матюшино;ноябрь;2;4;0;0;0;0
Красновидово;ноябрь;2;6;0;1;0;1
Нурлаты;ноябрь;-2;4;0;0;0;1
Камское Устье;ноябрь;-1;4;0;0;0;0
М.Цильна;ноябрь;2;3;0;0;0;0
Матюшино;ноябрь;1;3;0;0;0;0
Бишбатман;ноябрь;2;4;0;0;0;0
Майданы;декабрь;-2;5;1;0;0;0
Чечкабы;декабрь;1;7;0;0;0;0
Макулово;декабрь;1;7;0;0;0;0
Чинчурино;декабрь;-6;4;0;0;0;0
Тарханы;декабрь;-4;5;1;0;0;0
Тетюши;декабрь;0;2;1;0;0;0
Красновидово;декабрь;-1;14;0;1;0;1
Фёдоровская;декабрь;0;14;0;0;0;1
Фёдоровская;декабрь;-1;16;0;0;0;1
Дружба;декабрь;-1;16;0;0;0;1
Апастово;декабрь;-3;16;0;0;0;1
Апастово;декабрь;-3;16;0;0;0;1
Майданы;декабрь;-3;4;0;0;0;0
Рассвет;декабрь;-5;5;0;0;0;0
Ключи;декабрь;-7;2;0;0;0;0
Б.Акса;декабрь;-10;1;0;0;0;0
Камское устье;декабрь;-11;3;0;0;0;0
Дрожжаное;декабрь;-8;3;0;0;0;0
Савино;декабрь;-3;14;1;0;0;1
Западная;декабрь;-3;14;1;0;0;1
Нурлаты;декабрь;-3;14;1;0;0;1
Западная;декабрь;-3;14;1;0;0;1
Западная;январь;-3;2;1;0;0;0
Западная;январь;-9;4;0;0;0;0
Западная;январь;-8;4;0;0;0;0
 Дрожжаное;январь;-1;16;0;0;0;1
Дрожжаное;январь;-6;4;0;0;0;0
Дрожжаное;январь;-5;2;1;0;0;0
Дрожжаное;январь;-10;1;0;0;0;0
Матюшино;январь;-6;3;1;0;0;0
Матюшино;январь;-7;3;0;0;0;0
Раково;январь;-2;15;0;0;0;1
Нурлаты;январь;-3;15;0;0;0;1
Чечкабы;январь;-1;4;0;0;0;0
Буинск;январь;-1;4;0;0;0;0
Чечкабы;январь;-4;5;0;0;0;0
Рудник;январь;-4;1;0;0;0;0
Рассвет;февраль;-3;4;0;0;0;0
Федоровская;февраль;-3;4;0;0;0;0
Майданы;февраль;-3;6;1;0;0;0
Раково;февраль;-3;6;1;0;0;0
Ямбухтино;февраль;0;15;0;0;0;1
Раково;февраль;0;15;1;0;0;1
Матюшино;февраль;0;15;0;0;0;1
Федоровская;февраль;0;15;1;0;0;1
Чечкабы ;февраль;0;15;1;0;0;1
Майданы;февраль;0;15;1;0;0;1
Рассвет;февраль;0;15;1;0;0;1
Ключи;февраль;1;15;1;0;0;1
Чечкабы;февраль;-5;4;0;0;0;0
Бакырчи;февраль;-9;4;0;0;0;0
Печищи;февраль;-9;4;0;0;0;0
Нурлаты;февраль;-10;1;0;0;0;0
Дрожжаное;февраль;-2;18;0;0;0;1
Дрожжаное;февраль;2;18;0;0;0;1
Дрожжаное;февраль;2;13;0;0;0;1
Кайбицы;февраль;1;4;1;0;0;1
Чинчурино;февраль;-6;18;0;0;0;1
Караталга;февраль;-3;18;1;0;0;1
Янгельдино;февраль;-1;18;1;0;0;1
Макулово;февраль;-5;4;0;0;0;0
Савино;февраль;-1;4;1;0;0;0
Чинчурино;февраль;-9;3;0;0;0;0
Ключи;февраль;-9;3;0;0;0;0
Майданы;февраль;1;15;0;1;0;1
Чечкабы;февраль;2;15;0;1;0;1
Матюшино;февраль;0;15;0;1;0;1
Караталга;февраль;2;15;1;1;0;1
Буинск;февраль;0;15;1;0;0;1
Чинчурино;март;-1;1;0;0;0;0
Чинчурино;март;-2;1;0;0;0;0
Дрожжаное;март;2;2;0;0;0;0
Майданы;март;2;5;0;0;0;0
Савино;март;-2;5;0;1;0;0
Ключи;март;-2;2;0;0;0;0
Дрожжаное;март;-1;2;1;0;0;0
ПС Рассвет;март;1;12;1;1;0;1
Чечкабы;март;0;12;1;1;0;1
Бакырчи;март;0;12;1;0;0;1
Камское Устье;март;-4;4;0;0;0;0
Караталга;март;-4;4;0;0;0;0
Печищи;март;3;14;0;0;0;1
Ключи;март;3;16;0;0;0;1
Майданы;март;-3;4;0;0;0;0
Нижний Услон;март;-8;5;0;0;0;0
Дружба;март;-11;5;0;0;0;0
Нурлаты;март;3;21;0;0;0;1
Чечкабы;март;0;21;0;0;0;1
Дрожжаное;март;0;21;0;0;0;1
Б.Акса;март;-4;21;1;0;0;1
Камское Устье;март;-4;22;1;0;0;1
Камское Устье;март;-4;21;1;0;0;1
М.Цильна;март;-4;22;1;0;0;1
Камское Устье;март;-4;22;1;0;0;1
Каратун;март;-4;22;1;0;0;1
Нурлаты;март;-4;5;0;0;0;1
Майданы;апрель;-3;4;0;0;0;0
Федоровская;апрель;-6;2;0;0;0;0
М.Цильна;апрель;-6;4;0;0;0;0
Камское Устье;апрель;-6;4;0;0;0;0
Киять;апрель;0;16;1;0;0;1
Рассвет;апрель;-13;6;0;0;0;0
Чечкабы;апрель;-7;3;0;0;0;0
Чечкабы;апрель;-3;4;0;0;0;0
Чечкабы;апрель;-3;5;0;0;0;0
Буинск;апрель;0;16;0;1;0;1
Рассвет;апрель;0;16;1;0;0;1
Чечкабы;апрель;0;16;1;0;0;1
Буинск;апрель;1;16;0;1;0;1
Рудник;апрель;1;12;0;1;0;1
Макулово;апрель;-7;7;0;0;0;0
Макулово;апрель;-1;2;0;0;0;0
Чечкабы;апрель;8;18;0;0;0;1
Майданы;апрель;8;15;0;0;0;1
Макулово;апрель;8;18;0;0;0;1
Савино;апрель;8;18;0;0;0;1
Чинчурино;апрель;8;18;0;1;0;1
Камское Устье;апрель;8;18;0;1;0;1
Майданы;апрель;8;18;0;1;0;1
Каратун;апрель;5;12;0;1;0;1
Дрожжаное;апрель;5;12;0;1;0;1
Тарханы;апрель;8;4;0;0;0;1
М.Цильна;апрель;8;4;0;0;0;1
Нурлаты;апрель;4;25;0;1;0;1
Тарханы;апрель;4;25;0;1;0;1
Тат.Бурнашево;апрель;4;25;0;1;0;1
Камское Устье;апрель;4;25;0;1;0;1
Камское Устье;апрель;4;25;0;1;0;1
Чинчурино;апрель;4;22;0;1;0;1
Чечкабы;апрель;4;22;0;1;0;1
Буинск;апрель;4;22;0;1;0;1
Чечкабы;апрель;4;22;0;1;0;1
М.Цильна;апрель;1;25;1;1;0;1
Чечкабы;апрель;1;25;1;1;0;1
Чечкабы;апрель;1;25;1;1;0;1
Печищи;апрель;1;25;1;1;0;1
Нурлаты;апрель;0;25;1;1;0;1
Нурлаты;апрель;0;25;1;1;0;1
Буинск;апрель;-7;4;1;0;0;0
Дружба;апрель;2;4;0;0;0;0
Майданы;апрель;18;10;0;0;1;1
Савино;апрель;18;10;0;0;1;1
Савино;апрель;18;10;0;0;1;1
Куралово;апрель;18;10;0;0;1;1
Макулово;апрель;13;12;0;0;0;1
Киять;апрель;13;12;0;0;0;1
Буинск;май;25;12;0;0;0;1
Фёдоровская;май;7;2;0;1;0;0
Подберезье;май;7;2;0;1;0;0
Восход;май;7;2;0;1;0;0
Каратун;май;7;2;0;1;0;0
Куралово;май;6;4;0;1;0;0
Майданы;май;6;4;0;1;0;0
 Чечкабы;май;-3;2;0;0;0;0
Чечкабы;май;2;3;0;0;0;0
Чечкабы;май;5;3;0;1;0;0
Дружба;май;5;3;0;1;0;0
Апастово;май;4;6;0;1;0;0
Подберезье;май;4;6;0;1;0;0
Дружба;май;10;11;0;1;0;1
Апастово;май;14;12;0;0;1;1
Подберезье;май;10;12;0;0;1;1
Дружба;май;20;10;0;1;1;1
Каратун;май;20;10;0;1;1;1
Каратун;май;15;10;0;1;1;1
Фёдоровская;май;15;10;0;1;1;1
Подберезье;май;10;10;0;0;1;1
Восход;май;10;10;0;0;1;1
Каратун;июнь;15;5;0;1;1;1
Каратун;июнь;9;10;0;1;0;0
Ишеевка;июнь;15;12;0;1;0;1
Нурлаты;июнь;15;13;0;1;1;1
Куралово;июнь;18;10;0;1;1;1
Майданы;июнь;18;10;0;1;1;1
Майданы;июнь;18;10;0;1;1;1
Западная;июнь;16;10;0;1;0;1
Подберезье;июнь;16;10;0;1;0;1
Апастово;июнь;16;10;0;1;1;1
Чечкабы;июнь;16;10;0;1;1;1
Чечкабы;июнь;16;10;0;1;1;1
Западная;июнь;16;10;0;1;1;1
Буинск;июнь;16;10;0;1;1;1
Тарханы;июнь;18;10;0;1;1;1
Чечкабы;июнь;11;1;0;0;0;0
Западная;июнь;12;1;0;0;0;0
Буинск;июнь;11;1;0;0;0;0
Тарханы;июнь;13;1;0;0;1;0
Куралово;июнь;11;1;0;0;0;0
Студенец;июнь;14;2;0;0;0;0
Раково;июнь;14;2;0;0;0;0
Студенец;июнь;18;11;0;1;0;1
Раково;июнь;18;11;0;1;0;1
Тарханы;июнь;20;10;0;1;1;1
Кайбицы;июнь;5;1;0;0;0;0
Майданы;июнь;5;1;0;0;0;0
Дрожжаное;июнь;5;4;0;0;0;0
Дрожжаное;июнь;8;2;0;0;0;0
Кайбицы;июнь;16;15;0;0;0;1
Майданы;июнь;16;15;0;0;0;1
Майданы;июль;13;2;0;0;0;0
Майданы;июль;15;3;0;0;0;0
Кайбицы;июль;15;3;0;0;0;0
Дрожжаное;июль;25;4;0;1;1;1
Куралово;июль;17;3;0;0;0;0
Савино;июль;16;3;0;0;0;0
Майданы;июль;16;1;0;0;0;0
Савино;июль;17;2;0;1;0;0
Дрожжаное;июль;35;11;0;0;0;1
Тарханы;июль;28;11;0;1;1;1
Раково;июль;28;11;0;1;1;1
Буинск;июль;28;11;0;1;1;1
Тетюши;июль;28;11;0;1;1;1
Куралово;июль;23;11;0;1;1;1
Савино;июль;23;4;0;1;1;1
Майданы;июль;23;4;0;1;1;1
Раково;июль;23;4;0;1;1;1
Макулово;июль;32;4;0;1;1;1
Майданы;июль;33;4;0;1;1;1
Нижний Услон;июль;33;4;0;1;1;1
Нижний Услон;июль;11;1;0;0;0;0
Караталга;июль;9;1;0;0;0;0
Нижний Услон;июль;9;2;0;0;0;0
Дружба;июль;22;4;0;1;1;1
Караталга;июль;22;4;0;1;1;1
Апастово;июль;22;4;0;1;1;1
Подберезье ;июль;22;4;0;1;1;1
Буинск;июль;22;10;0;1;1;1
Чечкабы;июль;22;10;0;1;1;1
Киять;июль;22;10;0;1;1;1
Буинск;июль;22;10;0;1;1;1
Энтуганы;июль;22;10;0;1;1;1
Каратун;июль;22;10;0;1;1;1
Свияжск;июль;22;10;0;1;1;1
Чинчурино;июль;22;10;0;1;1;1
Нижний Услон;июль;22;10;0;1;1;1
Западная;июль;13;1;0;0;0;0
Буинск;июль;6;3;0;0;0;0
Западная;июль;20;10;0;1;1;1
Раково;август;20;12;0;1;0;1
Кайбицы;август;12;3;0;0;0;0
Нижний Услон;август;11;6;0;0;0;0
Кайбицы;август;11;6;0;0;0;0
Нижний Услон;август;20;10;0;0;1;1
Чечкабы;август;20;13;0;0;0;1
Фёдоровская;август;22;16;0;0;0;1
Камское Устье;август;8;8;0;0;0;0
Апастово;август;7;3;0;0;0;0
М.Цильна;август;12;1;0;1;0;0
Камское Устье;август;16;2;0;1;0;1
Кайбицы;август;18;6;0;1;0;1
Нижний Услон;август;18;6;0;1;0;1
Кайбицы;август;18;6;0;1;0;1
Камское Устье;август;18;10;0;1;1;1
Апастово;август;18;10;0;1;1;1
М.Цильна;август;12;12;0;1;0;1
М.Цильна;август;10;4;0;1;0;0
М.Цильна;август;8;3;0;1;0;0
Камское Устье;август;6;6;0;0;0;0
Буинск;август;5;5;0;0;0;0
Тетюши;август;4;5;0;0;0;0
Тетюши;август;5;5;0;0;0;0
Западная;август;18;11;0;1;1;1
Буинск;август;18;11;0;1;1;1
Буинск;август;18;11;0;1;1;1
Буинск;август;18;11;0;1;1;1
Буинск;август;18;11;0;1;1;1
Тетюши;август;18;11;0;1;1;1
Тетюши;август;18;11;0;1;1;1
Тетюши;август;18;11;0;1;1;1
Тарханы;август;18;11;0;1;1;1
Тарханы;август;18;11;0;1;1;1
Чинчурино;август;18;11;0;1;1;1
Буинск;август;18;3;0;1;1;1
Буинск;август;18;3;0;1;1;1
Б.Акса;август;18;3;0;1;1;1
Макулово;сентябрь;10;1;0;0;0;0
Майданы;сентябрь;9;1;0;0;0;0
Куралово;сентябрь;8;1;0;0;0;0
Куралово;сентябрь;5;2;0;0;0;0
Печищи;сентябрь;5;2;0;0;0;0
Савино;сентябрь;15;12;0;0;0;1
Рассвет;сентябрь;15;3;0;1;0;1
Нурлаты;сентябрь;7;2;0;0;0;0
Дружба;сентябрь;6;2;0;0;0;0
Каратун;сентябрь;7;2;0;0;0;0
Каратун;сентябрь;9;6;0;1;0;0
Куралово;сентябрь;16;10;0;1;0;1
Майданы;сентябрь;16;14;0;1;0;1
Печищи;сентябрь;18;14;0;1;0;1
М.Цильна;сентябрь;18;14;0;0;0;1
Макулово;сентябрь;16;5;0;1;0;1
Майданы;сентябрь;10;12;0;1;0;1
Майданы;сентябрь;5;4;0;1;0;0
Бишбатман;сентябрь;3;4;0;1;0;0
Бишбатман;сентябрь;2;3;0;0;0;0
Куралово;октябрь;-3;1;0;0;0;0
Бишбатман;октябрь;-2;1;0;0;0;0
Федорвская;октябрь;-2;1;0;0;0;0
Бишбатман;октябрь;3;4;0;0;0;0
Бишбатман;октябрь;-1;3;0;1;0;0
Рассвет;октябрь;4;15;0;1;0;1
Нурлаты;октябрь;4;15;0;1;0;1
Дружба;октябрь;8;15;0;1;0;1
Нурлаты;октябрь;1;4;0;0;0;0
Бакырчи;октябрь;1;3;0;0;0;0
Нурлаты;октябрь;-1;3;0;0;0;0
Бакырчи;октябрь;-5;1;0;;0;0
Каратун;октябрь;8;4;0;1;0;1
Исаково;октябрь;-3;4;0;0;0;0
 М.Цильна;октябрь;-5;2;0;0;0;0
Апастово;октябрь;-6;2;0;0;0;0
Тетюши;ноябрь;3;3;0;0;0;0
Тетюши;ноябрь;2;3;0;0;0;0
Тетюши;ноябрь;0;4;0;0;0;0
Апастово;ноябрь;-1;2;0;0;0;0
Бакырчи;ноябрь;-2;2;0;0;0;0
Кайбицы;ноябрь;-2;2;0;0;0;0
Нижний Услон;ноябрь;-1;1;0;0;0;0
Кайбицы;ноябрь;3;1;0;0;0;0
Ямбухтино;ноябрь;2;5;0;0;0;0
Буинск;ноябрь;1;4;0;0;0;0
Чечкабы;ноябрь;3;4;0;0;0;0
Раково;ноябрь;3;4;0;0;0;0
Студенец;ноябрь;-3;4;0;0;0;0
Раково;ноябрь;-12;1;0;0;0;0
М.Цильна;ноябрь;-11;7;0;0;0;0
Апастово;ноябрь;-11;7;0;0;0;0
Буинск;ноябрь;-12;7;0;0;0;0
Апастово;ноябрь;-12;7;0;0;0;0
Буинск;ноябрь;-10;1;0;0;0;0
Раково;ноябрь;-10;5;0;0;0;0
Караталга;ноябрь;5;12;1;0;0;1
Макулово;декабрь;-16;1;0;0;0;0
Майданы;декабрь;-17;1;0;0;0;0
Чечкабы;декабрь;-20;1;0;0;0;0
Макулово;декабрь;-18;2;0;0;0;0
Чечкабы;декабрь;-14;2;0;0;0;0
Караталга;декабрь;-7;4;0;0;0;0
Буинск;январь;-9;3;0;0;0;0
Тетюши;январь;-15;2;0;0;0;0
Камское устье;январь;-14;2;0;0;0;0
Ямбухтино;январь;-12;2;0;0;0;0
Свияжск;январь;-11;4;0;0;0;0
Тетюши;январь;-4;4;0;0;0;0
Буинск;январь;-4;4;0;0;0;0
Апастово;январь;-5;3;1;0;0;0
Фёдоровская;январь;-5;3;1;0;0;0
Апастово;январь;-19;1;0;0;0;0
Савино;январь;-19;1;0;0;0;0
Чинчурино;январь;-18;1;0;0;0;0
Савино;январь;-14;3;1;0;0;0
Чинчурино;январь;-13;3;1;0;0;0
Апастово;январь;-9;2;1;0;0;0
Фёдоровская;январь;-5;2;1;0;0;1
Апастово;январь;-5;14;1;0;0;1
Фёдоровская;январь;-5;12;1;0;0;1
Савино;январь;-5;12;0;0;0;1
Чинчурино;январь;-4;13;1;0;0;1
Малая Буинка;январь;-17;6;1;0;0;0
Камское устье;январь;-20;6;0;0;0;0
Чечкабы;январь;-21;6;0;0;0;0
Макулово;январь;-28;1;0;0;0;0
Караталга;январь;-24;1;0;0;0;0
Караталга;январь;-22;4;1;0;0;0
Кам. Устье;январь;-21;4;1;0;0;0
Нурлаты;январь;-15;2;1;0;0;0
Апастово;январь;-7;2;1;0;0;0
Киять;январь;-8;2;1;0;0;0
М.Цильна;январь;-3;11;0;1;0;1
Куралово;январь;2;4;0;0;0;1
Бишбатман;январь;2;4;0;0;0;1
Федорвская;январь;-5;20;0;0;0;1
Нурлаты;январь;2;20;0;0;0;1
Нурлаты;январь;2;20;0;0;0;1
Бакырчи;январь;2;20;0;0;0;1
Федорвская;январь;-5;20;0;0;0;1
Исаково;январь;-4;20;0;0;0;1
М.Цильна;февраль;-5;5;1;0;0;1
Апастово;февраль;-5;5;1;0;0;1
 М.Цильна;февраль;-10;14;1;1;0;1
Федорвская;февраль;-26;10;0;0;0;1
Исаково;февраль;-19;1;1;0;0;0
М.Цильна;февраль;-16;4;1;0;0;0
Апастово;февраль;-16;4;0;0;0;0
М.Цильна;февраль;-10;3;0;0;0;0
Тат. Бурнашево;февраль;-1;12;1;1;0;1
Восход;февраль;0;13;1;0;0;1
Красновидово;февраль;0;15;1;0;0;1
Восход;февраль;0;15;1;0;0;1
Кайбицы;февраль;2;11;1;0;0;1
Б.Акса;февраль;-23;4;0;0;0;0
Б.Акса;февраль;-24;3;0;0;0;0
Б.Акса;февраль;-24;1;0;0;0;0
Б.Акса;февраль;-24;1;0;0;0;0
Б.Акса;февраль;-30;11;1;0;0;1
Камское устье;февраль;-28;11;1;0;0;1
Дрожжаное;февраль;-11;13;1;0;0;1
Апастово;март;-6;14;1;0;0;1
Нурлаты;март;-5;2;0;0;0;0
Куралово;март;-12;2;0;0;0;0
Майданы;март;-13;2;0;0;0;0
Майданы;март;-13;2;0;0;0;0
Западная;март;-17;3;0;0;0;0
М.Цильна;март;-4;16;1;0;0;1
Рассвет;март;-14;2;0;0;0;0
Нурлаты;март;-20;3;0;0;0;0
Майданы;март;-25;3;0;0;0;0
Камское устье;март;-7;7;1;0;0;0
Дрожжаное;март;-12;6;0;0;0;0
Апастово;март;-12;4;0;0;0;0
Энтуганы;апрель;3;5;0;1;0;0
Дрожжаное;апрель;2;5;0;1;0;0
Федоровская;апрель;3;5;0;1;0;0
Рассвет;апрель;4;3;0;0;0;0
Рассвет;апрель;2;3;0;0;0;0
Тат.Бурнашево;апрель;2;1;0;0;0;0
Бакырчи;апрель;-7;5;0;0;0;0
Бакырчи;апрель;2;6;0;1;0;0
М.Цильна;апрель;-1;6;0;1;0;0
Апастово;апрель;-4;3;0;0;0;0
Свияжск;май;6;6;0;0;0;0
М.Цильна;май;6;6;0;0;0;0
Апастово;май;-1;5;0;0;0;0
Дрожжаное;май;6;2;0;0;0;0
М.Цильна;май;4;3;0;0;0;0
Дрожжаное;май;6;1;0;0;0;0
М.Цильна;май;6;1;0;0;0;0
Буинск;май;7;4;0;0;0;0
Тетюши;май;3;4;0;0;0;0
Камское устье;май;3;4;0;0;0;0
Камское устье;май;3;2;0;0;0;0
Камское устье;май;5;2;0;0;0;0
Рассвет;май;10;3;0;0;0;0
Подберезье;май;9;3;0;0;0;0
Раково;май;8;4;0;0;0;0
Федоровская;май;24;23;0;1;1;1
Бакырчи;май;22;12;0;1;1;1
Федоровская;май;22;12;0;1;1;1
Рассвет;май;22;12;0;1;1;1
Энтуганы;май;22;12;0;1;1;1
Ямбухтино;май;14;2;0;1;0;0
Дрожжаное;май;13;4;0;1;0;0
Дрожжаное;май;10;2;0;0;0;0
Рассвет;май;8;2;0;0;0;0
Подберезье;май;11;2;0;0;0;0
Караталга;июнь;8;3;0;0;0;0
Макулово;июнь;5;4;0;0;0;0
Майданы;июнь;4;15;0;0;0;0
Макулово;июнь;4;15;0;0;0;0
Дрожжаное;июнь;14;20;0;0;0;1
Макулово;июнь;7;4;0;0;0;0
Караталга;июнь;7;3;0;0;0;0
Восход;июнь;7;3;0;0;0;0
Караталга;июнь;8;1;0;0;0;0
Фёдоровская;июнь;12;1;0;0;0;0
Подберезье;июнь;12;5;0;0;0;0
Восход;июнь;11;7;0;0;0;0
Каратун;июнь;9;7;0;0;0;0
Нурлаты;июнь;10;6;0;0;0;0
Чинчурино;июнь;9;6;0;0;0;0
Чечкабы;июнь;16;10;0;1;1;1
Тат.Бурнашево;июнь;18;10;0;1;1;1
Тат.Бурнашево;июнь;18;10;0;1;1;1
Чечкабы;июнь;18;10;0;1;1;1
Свияжск;июнь;18;10;0;1;1;1
М.Цильна;июнь;22;16;0;1;1;1
Апастово;июнь;22;16;0;1;1;1
Буинск;июнь;22;16;0;1;1;1
Ямбухтино;июнь;22;16;0;1;1;1
Буинск;июнь;23;2;0;1;1;1
Чечкабы;июнь;23;2;0;1;1;1
Федоровская;июнь;28;11;0;1;1;1
Кайбицы;июнь;28;11;0;1;1;1
Дрожжаное;июнь;28;11;0;1;1;1
Дрожжаное;июнь;28;11;0;1;1;1
М.Цильна;июнь;28;11;0;1;1;1
Дрожжаное;июнь;28;11;0;1;1;1
Кайбицы;июнь;31;18;0;1;1;1
Буинск;июнь;31;18;0;1;1;1
Тетюши;июнь;31;18;0;1;1;1
Камское устье;июнь;31;18;0;1;1;1
Ямбухтино;июнь;31;18;0;1;1;1
Свияжск;июнь;32;2;0;0;1;1
Дрожжаное;июнь;32;3;0;1;1;1
Рассвет;июнь;32;3;0;1;1;1
Подберезье;июнь;32;3;0;1;1;1
Раково;июнь;19;11;0;0;1;1
Студенец;июнь;19;11;0;0;1;1
Раково;июль;15;11;0;1;1;1
Буинск;июль;15;11;0;1;1;1
Дрожжаное;июль;14;3;0;0;0;0
Нурлаты;июль;14;3;0;0;0;0
Апастово;июль;15;3;0;0;0;0
Свияжск;июль;15;3;0;1;0;0
Нурлаты;июль;13;3;0;0;0;0
Нурлаты;июль;8;6;0;0;0;0
Студенец;июль;11;3;0;0;0;0
Камское устье;июль;8;3;0;0;0;0
Нурлаты;июль;10;1;0;0;0;0
Нурлаты;июль;9;3;0;0;0;0
Чечкабы;июль;10;3;0;0;0;0
Тат.Бурнашево;июль;12;2;0;0;0;0
Тат.Бурнашево;июль;10;2;0;0;0;0
Апастово;июль;10;2;0;0;0;0
Буинск;июль;25;12;0;1;0;1
Буинск;июль;25;12;0;1;0;1
Рассвет;июль;7;3;0;0;0;0
Нурлаты;июль;6;2;0;0;0;0
Нурлаты;июль;14;2;0;1;0;0
Апастово;июль;7;1;0;0;0;0
Буинск;июль;7;1;0;0;0;0
Буинск;июль;9;2;0;0;0;0
Кайбицы;июль;28;2;0;1;1;1
Тарханы;июль;28;2;0;1;1;1
Чинчурино;июль;28;2;0;1;1;1
Нурлаты;июль;28;2;0;1;1;1
Дрожжаное;июль;27;13;0;1;1;1
Дрожжаное;июль;27;13;0;1;1;1
Буинск;июль;30;23;0;1;1;1
Дружба;июль;30;23;0;1;1;1
М. Цильна;июль;28;5;0;0;1;1
Тетюши;июль;28;5;0;1;1;1
Дрожжаное;июль;28;10;0;1;1;1
Нурлаты;август;32;20;0;1;1;1
Апастово;август;32;20;0;0;1;1
Буинск;август;15;2;0;1;0;0
Дружба;август;7;6;0;0;0;0
Нурлаты;август;8;6;0;0;0;0
Верхний Услон;август;9;1;0;0;0;0
Малая Буинка;август;11;3;0;0;0;0
Камское устье;август;10;2;0;0;0;0
Чинчурино;август;9;2;0;0;0;0
Камское устье;август;14;2;0;0;0;0
Чинчурино;август;15;2;0;0;0;0
Апастово;август;11;3;0;0;0;0
Киять;август;12;3;0;0;0;0
Ямбухтино;август;13;3;0;0;0;0
Малая Буинка;август;15;1;0;0;0;0
Камское устье;август;13;1;0;0;0;0
Каратун;август;13;1;0;0;0;0
Макулово;август;16;2;0;0;0;0
Киять;август;19;1;0;0;0;0
Чечкабы;август;11;2;0;0;0;0
Макулово;август;14;4;0;0;0;0
Свияжск;август;17;5;0;1;0;1
Нурлаты;сентябрь;12;4;0;0;0;0
Нурлаты;сентябрь;12;1;0;0;0;0
Чинчурино;сентябрь;12;3;0;1;0;0
Тетюши;сентябрь;12;3;0;1;0;0
Камское устье;сентябрь;10;3;0;1;0;0
Тетюши;сентябрь;7;5;0;0;0;0
Апастово;сентябрь;4;5;0;0;0;0
Киять;сентябрь;2;3;0;0;0;0
Тетюши;сентябрь;12;2;0;1;0;0
Апастово;сентябрь;5;2;0;0;0;0
Нурлаты;сентябрь;10;12;0;1;0;1
Нурлаты;октябрь;7;11;0;0;0;1
Караталга;октябрь;-1;4;0;0;0;0
Красновидово;октябрь;2;5;0;0;0;0
Малая Буинка;октябрь;5;5;0;0;0;0
Камское устье;октябрь;1;3;0;0;0;0
Красновидово;октябрь;-1;2;0;0;0;0
Малая Буинка;октябрь;-1;1;0;0;0;0
Чинчурино;октябрь;3;13;1;1;0;1
Тетюши;ноябрь;4;15;0;1;0;1
Караталга;ноябрь;4;15;0;1;0;1
Караталга;ноябрь;5;16;0;1;0;1
Камское устье;ноябрь;5;18;0;1;0;1
Караталга;ноябрь;-9;2;0;0;0;0
Караталга;ноябрь;-10;2;0;0;0;0
Камское устье;ноябрь;-7;4;1;0;0;0
Камское устье;ноябрь;-2;5;0;0;0;0
Чечкабы;ноябрь;-4;2;0;0;0;0
Макулово;ноябрь;-3;7;0;0;0;0
Каратун;ноябрь;-2;4;1;0;0;0
Нурлаты;ноябрь;-1;15;1;0;0;1
Апастово;ноябрь;-1;13;1;0;0;1
Киять;ноябрь;0;14;0;0;0;1
Верхний Услон;ноябрь;2;23;0;1;0;1
Тарханы;ноябрь;2;23;0;1;0;1
Ямбухтино;ноябрь;2;23;0;1;0;1
Подберезье;ноябрь;2;23;0;1;0;1
Ямбухтино;декабрь;-2;4;0;0;0;0
Буинск;декабрь;-5;4;1;0;0;0
Чечкабы;декабрь;-8;4;0;0;0;0
Федоровская;декабрь;-15;5;0;0;0;0
Кайбицы;декабрь;-4;2;1;0;0;0
Майданы;декабрь;-3;2;1;0;0;0
Федоровская;декабрь;-2;5;1;0;0;0
Макулово;декабрь;-6;4;0;0;0;0
Майданы;декабрь;-7;3;0;0;0;0
Караталга;декабрь;-19;21;0;0;0;1
Красновидово;декабрь;-19;21;0;0;0;1
Малая Буинка;декабрь;-18;21;1;0;0;1
Камское устье;декабрь;-18;21;1;0;0;1
Чечкабы;декабрь;-18;21;1;0;0;1
Макулово;декабрь;-19;21;1;0;0;1
Каратун;декабрь;-19;21;0;0;0;1
Каратун;декабрь;-19;21;0;0;0;1
Апастово;декабрь;-19;21;0;0;0;1
Макулово;декабрь;-19;21;1;0;0;1
Майданы;декабрь;-22;21;1;0;0;1
Чечкабы;декабрь;-22;21;0;0;0;1
Макулово;декабрь;-23;21;1;0;0;1